Configuration,Color_Metallic,Color_White,Color_Gray,Wheels_Factory2,Wheels_Factory3,FrontBumper_Factory2,FrontBumper_Factory3,RearBumper_Custom,Headlights_Factory2,Taillights_Factory2,SideMirrors_Custom
Configuration_1,0,0,0,0,0,0,0,0,0,0,0
Configuration_2,0,0,1,0,0,0,0,0,0,0,0
Configuration_3,0,1,0,0,0,0,0,0,0,0,0
Configuration_4,1,0,0,0,0,0,0,0,0,0,0
Configuration_5,0,0,0,0,0,0,0,0,0,0,1
Configuration_6,0,0,1,0,0,0,0,0,0,0,1
Configuration_7,0,1,0,0,0,0,0,0,0,0,1
Configuration_8,1,0,0,0,0,0,0,0,0,0,1
Configuration_9,0,0,0,0,0,0,0,0,0,1,0
Configuration_10,0,0,1,0,0,0,0,0,0,1,0
Configuration_11,0,1,0,0,0,0,0,0,0,1,0
Configuration_12,1,0,0,0,0,0,0,0,0,1,0
Configuration_13,0,0,0,0,0,0,0,0,0,1,1
Configuration_14,0,0,1,0,0,0,0,0,0,1,1
Configuration_15,0,1,0,0,0,0,0,0,0,1,1
Configuration_16,1,0,0,0,0,0,0,0,0,1,1
Configuration_17,0,0,0,0,0,0,0,0,1,0,0
Configuration_18,0,0,1,0,0,0,0,0,1,0,0
Configuration_19,0,1,0,0,0,0,0,0,1,0,0
Configuration_20,1,0,0,0,0,0,0,0,1,0,0
Configuration_21,0,0,0,0,0,0,0,0,1,0,1
Configuration_22,0,0,1,0,0,0,0,0,1,0,1
Configuration_23,0,1,0,0,0,0,0,0,1,0,1
Configuration_24,1,0,0,0,0,0,0,0,1,0,1
Configuration_25,0,0,0,0,0,0,0,0,1,1,0
Configuration_26,0,0,1,0,0,0,0,0,1,1,0
Configuration_27,0,1,0,0,0,0,0,0,1,1,0
Configuration_28,1,0,0,0,0,0,0,0,1,1,0
Configuration_29,0,0,0,0,0,0,0,0,1,1,1
Configuration_30,0,0,1,0,0,0,0,0,1,1,1
Configuration_31,0,1,0,0,0,0,0,0,1,1,1
Configuration_32,1,0,0,0,0,0,0,0,1,1,1
Configuration_33,0,0,0,0,0,0,0,1,0,0,0
Configuration_34,0,0,1,0,0,0,0,1,0,0,0
Configuration_35,0,1,0,0,0,0,0,1,0,0,0
Configuration_36,1,0,0,0,0,0,0,1,0,0,0
Configuration_37,0,0,0,0,0,0,0,1,0,0,1
Configuration_38,0,0,1,0,0,0,0,1,0,0,1
Configuration_39,0,1,0,0,0,0,0,1,0,0,1
Configuration_40,1,0,0,0,0,0,0,1,0,0,1
Configuration_41,0,0,0,0,0,0,0,1,0,1,0
Configuration_42,0,0,1,0,0,0,0,1,0,1,0
Configuration_43,0,1,0,0,0,0,0,1,0,1,0
Configuration_44,1,0,0,0,0,0,0,1,0,1,0
Configuration_45,0,0,0,0,0,0,0,1,0,1,1
Configuration_46,0,0,1,0,0,0,0,1,0,1,1
Configuration_47,0,1,0,0,0,0,0,1,0,1,1
Configuration_48,1,0,0,0,0,0,0,1,0,1,1
Configuration_49,0,0,0,0,0,0,0,1,1,0,0
Configuration_50,0,0,1,0,0,0,0,1,1,0,0
Configuration_51,0,1,0,0,0,0,0,1,1,0,0
Configuration_52,1,0,0,0,0,0,0,1,1,0,0
Configuration_53,0,0,0,0,0,0,0,1,1,0,1
Configuration_54,0,0,1,0,0,0,0,1,1,0,1
Configuration_55,0,1,0,0,0,0,0,1,1,0,1
Configuration_56,1,0,0,0,0,0,0,1,1,0,1
Configuration_57,0,0,0,0,0,0,0,1,1,1,0
Configuration_58,0,0,1,0,0,0,0,1,1,1,0
Configuration_59,0,1,0,0,0,0,0,1,1,1,0
Configuration_60,1,0,0,0,0,0,0,1,1,1,0
Configuration_61,0,0,0,0,0,0,0,1,1,1,1
Configuration_62,0,0,1,0,0,0,0,1,1,1,1
Configuration_63,0,1,0,0,0,0,0,1,1,1,1
Configuration_64,1,0,0,0,0,0,0,1,1,1,1
Configuration_65,0,0,0,0,0,0,1,0,0,0,0
Configuration_66,0,0,1,0,0,0,1,0,0,0,0
Configuration_67,0,1,0,0,0,0,1,0,0,0,0
Configuration_68,1,0,0,0,0,0,1,0,0,0,0
Configuration_69,0,0,0,0,0,0,1,0,0,0,1
Configuration_70,0,0,1,0,0,0,1,0,0,0,1
Configuration_71,0,1,0,0,0,0,1,0,0,0,1
Configuration_72,1,0,0,0,0,0,1,0,0,0,1
Configuration_73,0,0,0,0,0,0,1,0,0,1,0
Configuration_74,0,0,1,0,0,0,1,0,0,1,0
Configuration_75,0,1,0,0,0,0,1,0,0,1,0
Configuration_76,1,0,0,0,0,0,1,0,0,1,0
Configuration_77,0,0,0,0,0,0,1,0,0,1,1
Configuration_78,0,0,1,0,0,0,1,0,0,1,1
Configuration_79,0,1,0,0,0,0,1,0,0,1,1
Configuration_80,1,0,0,0,0,0,1,0,0,1,1
Configuration_81,0,0,0,0,0,0,1,0,1,0,0
Configuration_82,0,0,1,0,0,0,1,0,1,0,0
Configuration_83,0,1,0,0,0,0,1,0,1,0,0
Configuration_84,1,0,0,0,0,0,1,0,1,0,0
Configuration_85,0,0,0,0,0,0,1,0,1,0,1
Configuration_86,0,0,1,0,0,0,1,0,1,0,1
Configuration_87,0,1,0,0,0,0,1,0,1,0,1
Configuration_88,1,0,0,0,0,0,1,0,1,0,1
Configuration_89,0,0,0,0,0,0,1,0,1,1,0
Configuration_90,0,0,1,0,0,0,1,0,1,1,0
Configuration_91,0,1,0,0,0,0,1,0,1,1,0
Configuration_92,1,0,0,0,0,0,1,0,1,1,0
Configuration_93,0,0,0,0,0,0,1,0,1,1,1
Configuration_94,0,0,1,0,0,0,1,0,1,1,1
Configuration_95,0,1,0,0,0,0,1,0,1,1,1
Configuration_96,1,0,0,0,0,0,1,0,1,1,1
Configuration_97,0,0,0,0,0,0,1,1,0,0,0
Configuration_98,0,0,1,0,0,0,1,1,0,0,0
Configuration_99,0,1,0,0,0,0,1,1,0,0,0
Configuration_100,1,0,0,0,0,0,1,1,0,0,0
Configuration_101,0,0,0,0,0,0,1,1,0,0,1
Configuration_102,0,0,1,0,0,0,1,1,0,0,1
Configuration_103,0,1,0,0,0,0,1,1,0,0,1
Configuration_104,1,0,0,0,0,0,1,1,0,0,1
Configuration_105,0,0,0,0,0,0,1,1,0,1,0
Configuration_106,0,0,1,0,0,0,1,1,0,1,0
Configuration_107,0,1,0,0,0,0,1,1,0,1,0
Configuration_108,1,0,0,0,0,0,1,1,0,1,0
Configuration_109,0,0,0,0,0,0,1,1,0,1,1
Configuration_110,0,0,1,0,0,0,1,1,0,1,1
Configuration_111,0,1,0,0,0,0,1,1,0,1,1
Configuration_112,1,0,0,0,0,0,1,1,0,1,1
Configuration_113,0,0,0,0,0,0,1,1,1,0,0
Configuration_114,0,0,1,0,0,0,1,1,1,0,0
Configuration_115,0,1,0,0,0,0,1,1,1,0,0
Configuration_116,1,0,0,0,0,0,1,1,1,0,0
Configuration_117,0,0,0,0,0,0,1,1,1,0,1
Configuration_118,0,0,1,0,0,0,1,1,1,0,1
Configuration_119,0,1,0,0,0,0,1,1,1,0,1
Configuration_120,1,0,0,0,0,0,1,1,1,0,1
Configuration_121,0,0,0,0,0,0,1,1,1,1,0
Configuration_122,0,0,1,0,0,0,1,1,1,1,0
Configuration_123,0,1,0,0,0,0,1,1,1,1,0
Configuration_124,1,0,0,0,0,0,1,1,1,1,0
Configuration_125,0,0,0,0,0,0,1,1,1,1,1
Configuration_126,0,0,1,0,0,0,1,1,1,1,1
Configuration_127,0,1,0,0,0,0,1,1,1,1,1
Configuration_128,1,0,0,0,0,0,1,1,1,1,1
Configuration_129,0,0,0,0,0,1,0,0,0,0,0
Configuration_130,0,0,1,0,0,1,0,0,0,0,0
Configuration_131,0,1,0,0,0,1,0,0,0,0,0
Configuration_132,1,0,0,0,0,1,0,0,0,0,0
Configuration_133,0,0,0,0,0,1,0,0,0,0,1
Configuration_134,0,0,1,0,0,1,0,0,0,0,1
Configuration_135,0,1,0,0,0,1,0,0,0,0,1
Configuration_136,1,0,0,0,0,1,0,0,0,0,1
Configuration_137,0,0,0,0,0,1,0,0,0,1,0
Configuration_138,0,0,1,0,0,1,0,0,0,1,0
Configuration_139,0,1,0,0,0,1,0,0,0,1,0
Configuration_140,1,0,0,0,0,1,0,0,0,1,0
Configuration_141,0,0,0,0,0,1,0,0,0,1,1
Configuration_142,0,0,1,0,0,1,0,0,0,1,1
Configuration_143,0,1,0,0,0,1,0,0,0,1,1
Configuration_144,1,0,0,0,0,1,0,0,0,1,1
Configuration_145,0,0,0,0,0,1,0,0,1,0,0
Configuration_146,0,0,1,0,0,1,0,0,1,0,0
Configuration_147,0,1,0,0,0,1,0,0,1,0,0
Configuration_148,1,0,0,0,0,1,0,0,1,0,0
Configuration_149,0,0,0,0,0,1,0,0,1,0,1
Configuration_150,0,0,1,0,0,1,0,0,1,0,1
Configuration_151,0,1,0,0,0,1,0,0,1,0,1
Configuration_152,1,0,0,0,0,1,0,0,1,0,1
Configuration_153,0,0,0,0,0,1,0,0,1,1,0
Configuration_154,0,0,1,0,0,1,0,0,1,1,0
Configuration_155,0,1,0,0,0,1,0,0,1,1,0
Configuration_156,1,0,0,0,0,1,0,0,1,1,0
Configuration_157,0,0,0,0,0,1,0,0,1,1,1
Configuration_158,0,0,1,0,0,1,0,0,1,1,1
Configuration_159,0,1,0,0,0,1,0,0,1,1,1
Configuration_160,1,0,0,0,0,1,0,0,1,1,1
Configuration_161,0,0,0,0,0,1,0,1,0,0,0
Configuration_162,0,0,1,0,0,1,0,1,0,0,0
Configuration_163,0,1,0,0,0,1,0,1,0,0,0
Configuration_164,1,0,0,0,0,1,0,1,0,0,0
Configuration_165,0,0,0,0,0,1,0,1,0,0,1
Configuration_166,0,0,1,0,0,1,0,1,0,0,1
Configuration_167,0,1,0,0,0,1,0,1,0,0,1
Configuration_168,1,0,0,0,0,1,0,1,0,0,1
Configuration_169,0,0,0,0,0,1,0,1,0,1,0
Configuration_170,0,0,1,0,0,1,0,1,0,1,0
Configuration_171,0,1,0,0,0,1,0,1,0,1,0
Configuration_172,1,0,0,0,0,1,0,1,0,1,0
Configuration_173,0,0,0,0,0,1,0,1,0,1,1
Configuration_174,0,0,1,0,0,1,0,1,0,1,1
Configuration_175,0,1,0,0,0,1,0,1,0,1,1
Configuration_176,1,0,0,0,0,1,0,1,0,1,1
Configuration_177,0,0,0,0,0,1,0,1,1,0,0
Configuration_178,0,0,1,0,0,1,0,1,1,0,0
Configuration_179,0,1,0,0,0,1,0,1,1,0,0
Configuration_180,1,0,0,0,0,1,0,1,1,0,0
Configuration_181,0,0,0,0,0,1,0,1,1,0,1
Configuration_182,0,0,1,0,0,1,0,1,1,0,1
Configuration_183,0,1,0,0,0,1,0,1,1,0,1
Configuration_184,1,0,0,0,0,1,0,1,1,0,1
Configuration_185,0,0,0,0,0,1,0,1,1,1,0
Configuration_186,0,0,1,0,0,1,0,1,1,1,0
Configuration_187,0,1,0,0,0,1,0,1,1,1,0
Configuration_188,1,0,0,0,0,1,0,1,1,1,0
Configuration_189,0,0,0,0,0,1,0,1,1,1,1
Configuration_190,0,0,1,0,0,1,0,1,1,1,1
Configuration_191,0,1,0,0,0,1,0,1,1,1,1
Configuration_192,1,0,0,0,0,1,0,1,1,1,1
Configuration_193,0,0,0,0,1,0,0,0,0,0,0
Configuration_194,0,0,1,0,1,0,0,0,0,0,0
Configuration_195,0,1,0,0,1,0,0,0,0,0,0
Configuration_196,1,0,0,0,1,0,0,0,0,0,0
Configuration_197,0,0,0,0,1,0,0,0,0,0,1
Configuration_198,0,0,1,0,1,0,0,0,0,0,1
Configuration_199,0,1,0,0,1,0,0,0,0,0,1
Configuration_200,1,0,0,0,1,0,0,0,0,0,1
Configuration_201,0,0,0,0,1,0,0,0,0,1,0
Configuration_202,0,0,1,0,1,0,0,0,0,1,0
Configuration_203,0,1,0,0,1,0,0,0,0,1,0
Configuration_204,1,0,0,0,1,0,0,0,0,1,0
Configuration_205,0,0,0,0,1,0,0,0,0,1,1
Configuration_206,0,0,1,0,1,0,0,0,0,1,1
Configuration_207,0,1,0,0,1,0,0,0,0,1,1
Configuration_208,1,0,0,0,1,0,0,0,0,1,1
Configuration_209,0,0,0,0,1,0,0,0,1,0,0
Configuration_210,0,0,1,0,1,0,0,0,1,0,0
Configuration_211,0,1,0,0,1,0,0,0,1,0,0
Configuration_212,1,0,0,0,1,0,0,0,1,0,0
Configuration_213,0,0,0,0,1,0,0,0,1,0,1
Configuration_214,0,0,1,0,1,0,0,0,1,0,1
Configuration_215,0,1,0,0,1,0,0,0,1,0,1
Configuration_216,1,0,0,0,1,0,0,0,1,0,1
Configuration_217,0,0,0,0,1,0,0,0,1,1,0
Configuration_218,0,0,1,0,1,0,0,0,1,1,0
Configuration_219,0,1,0,0,1,0,0,0,1,1,0
Configuration_220,1,0,0,0,1,0,0,0,1,1,0
Configuration_221,0,0,0,0,1,0,0,0,1,1,1
Configuration_222,0,0,1,0,1,0,0,0,1,1,1
Configuration_223,0,1,0,0,1,0,0,0,1,1,1
Configuration_224,1,0,0,0,1,0,0,0,1,1,1
Configuration_225,0,0,0,0,1,0,0,1,0,0,0
Configuration_226,0,0,1,0,1,0,0,1,0,0,0
Configuration_227,0,1,0,0,1,0,0,1,0,0,0
Configuration_228,1,0,0,0,1,0,0,1,0,0,0
Configuration_229,0,0,0,0,1,0,0,1,0,0,1
Configuration_230,0,0,1,0,1,0,0,1,0,0,1
Configuration_231,0,1,0,0,1,0,0,1,0,0,1
Configuration_232,1,0,0,0,1,0,0,1,0,0,1
Configuration_233,0,0,0,0,1,0,0,1,0,1,0
Configuration_234,0,0,1,0,1,0,0,1,0,1,0
Configuration_235,0,1,0,0,1,0,0,1,0,1,0
Configuration_236,1,0,0,0,1,0,0,1,0,1,0
Configuration_237,0,0,0,0,1,0,0,1,0,1,1
Configuration_238,0,0,1,0,1,0,0,1,0,1,1
Configuration_239,0,1,0,0,1,0,0,1,0,1,1
Configuration_240,1,0,0,0,1,0,0,1,0,1,1
Configuration_241,0,0,0,0,1,0,0,1,1,0,0
Configuration_242,0,0,1,0,1,0,0,1,1,0,0
Configuration_243,0,1,0,0,1,0,0,1,1,0,0
Configuration_244,1,0,0,0,1,0,0,1,1,0,0
Configuration_245,0,0,0,0,1,0,0,1,1,0,1
Configuration_246,0,0,1,0,1,0,0,1,1,0,1
Configuration_247,0,1,0,0,1,0,0,1,1,0,1
Configuration_248,1,0,0,0,1,0,0,1,1,0,1
Configuration_249,0,0,0,0,1,0,0,1,1,1,0
Configuration_250,0,0,1,0,1,0,0,1,1,1,0
Configuration_251,0,1,0,0,1,0,0,1,1,1,0
Configuration_252,1,0,0,0,1,0,0,1,1,1,0
Configuration_253,0,0,0,0,1,0,0,1,1,1,1
Configuration_254,0,0,1,0,1,0,0,1,1,1,1
Configuration_255,0,1,0,0,1,0,0,1,1,1,1
Configuration_256,1,0,0,0,1,0,0,1,1,1,1
Configuration_257,0,0,0,0,1,0,1,0,0,0,0
Configuration_258,0,0,1,0,1,0,1,0,0,0,0
Configuration_259,0,1,0,0,1,0,1,0,0,0,0
Configuration_260,1,0,0,0,1,0,1,0,0,0,0
Configuration_261,0,0,0,0,1,0,1,0,0,0,1
Configuration_262,0,0,1,0,1,0,1,0,0,0,1
Configuration_263,0,1,0,0,1,0,1,0,0,0,1
Configuration_264,1,0,0,0,1,0,1,0,0,0,1
Configuration_265,0,0,0,0,1,0,1,0,0,1,0
Configuration_266,0,0,1,0,1,0,1,0,0,1,0
Configuration_267,0,1,0,0,1,0,1,0,0,1,0
Configuration_268,1,0,0,0,1,0,1,0,0,1,0
Configuration_269,0,0,0,0,1,0,1,0,0,1,1
Configuration_270,0,0,1,0,1,0,1,0,0,1,1
Configuration_271,0,1,0,0,1,0,1,0,0,1,1
Configuration_272,1,0,0,0,1,0,1,0,0,1,1
Configuration_273,0,0,0,0,1,0,1,0,1,0,0
Configuration_274,0,0,1,0,1,0,1,0,1,0,0
Configuration_275,0,1,0,0,1,0,1,0,1,0,0
Configuration_276,1,0,0,0,1,0,1,0,1,0,0
Configuration_277,0,0,0,0,1,0,1,0,1,0,1
Configuration_278,0,0,1,0,1,0,1,0,1,0,1
Configuration_279,0,1,0,0,1,0,1,0,1,0,1
Configuration_280,1,0,0,0,1,0,1,0,1,0,1
Configuration_281,0,0,0,0,1,0,1,0,1,1,0
Configuration_282,0,0,1,0,1,0,1,0,1,1,0
Configuration_283,0,1,0,0,1,0,1,0,1,1,0
Configuration_284,1,0,0,0,1,0,1,0,1,1,0
Configuration_285,0,0,0,0,1,0,1,0,1,1,1
Configuration_286,0,0,1,0,1,0,1,0,1,1,1
Configuration_287,0,1,0,0,1,0,1,0,1,1,1
Configuration_288,1,0,0,0,1,0,1,0,1,1,1
Configuration_289,0,0,0,0,1,0,1,1,0,0,0
Configuration_290,0,0,1,0,1,0,1,1,0,0,0
Configuration_291,0,1,0,0,1,0,1,1,0,0,0
Configuration_292,1,0,0,0,1,0,1,1,0,0,0
Configuration_293,0,0,0,0,1,0,1,1,0,0,1
Configuration_294,0,0,1,0,1,0,1,1,0,0,1
Configuration_295,0,1,0,0,1,0,1,1,0,0,1
Configuration_296,1,0,0,0,1,0,1,1,0,0,1
Configuration_297,0,0,0,0,1,0,1,1,0,1,0
Configuration_298,0,0,1,0,1,0,1,1,0,1,0
Configuration_299,0,1,0,0,1,0,1,1,0,1,0
Configuration_300,1,0,0,0,1,0,1,1,0,1,0
Configuration_301,0,0,0,0,1,0,1,1,0,1,1
Configuration_302,0,0,1,0,1,0,1,1,0,1,1
Configuration_303,0,1,0,0,1,0,1,1,0,1,1
Configuration_304,1,0,0,0,1,0,1,1,0,1,1
Configuration_305,0,0,0,0,1,0,1,1,1,0,0
Configuration_306,0,0,1,0,1,0,1,1,1,0,0
Configuration_307,0,1,0,0,1,0,1,1,1,0,0
Configuration_308,1,0,0,0,1,0,1,1,1,0,0
Configuration_309,0,0,0,0,1,0,1,1,1,0,1
Configuration_310,0,0,1,0,1,0,1,1,1,0,1
Configuration_311,0,1,0,0,1,0,1,1,1,0,1
Configuration_312,1,0,0,0,1,0,1,1,1,0,1
Configuration_313,0,0,0,0,1,0,1,1,1,1,0
Configuration_314,0,0,1,0,1,0,1,1,1,1,0
Configuration_315,0,1,0,0,1,0,1,1,1,1,0
Configuration_316,1,0,0,0,1,0,1,1,1,1,0
Configuration_317,0,0,0,0,1,0,1,1,1,1,1
Configuration_318,0,0,1,0,1,0,1,1,1,1,1
Configuration_319,0,1,0,0,1,0,1,1,1,1,1
Configuration_320,1,0,0,0,1,0,1,1,1,1,1
Configuration_321,0,0,0,0,1,1,0,0,0,0,0
Configuration_322,0,0,1,0,1,1,0,0,0,0,0
Configuration_323,0,1,0,0,1,1,0,0,0,0,0
Configuration_324,1,0,0,0,1,1,0,0,0,0,0
Configuration_325,0,0,0,0,1,1,0,0,0,0,1
Configuration_326,0,0,1,0,1,1,0,0,0,0,1
Configuration_327,0,1,0,0,1,1,0,0,0,0,1
Configuration_328,1,0,0,0,1,1,0,0,0,0,1
Configuration_329,0,0,0,0,1,1,0,0,0,1,0
Configuration_330,0,0,1,0,1,1,0,0,0,1,0
Configuration_331,0,1,0,0,1,1,0,0,0,1,0
Configuration_332,1,0,0,0,1,1,0,0,0,1,0
Configuration_333,0,0,0,0,1,1,0,0,0,1,1
Configuration_334,0,0,1,0,1,1,0,0,0,1,1
Configuration_335,0,1,0,0,1,1,0,0,0,1,1
Configuration_336,1,0,0,0,1,1,0,0,0,1,1
Configuration_337,0,0,0,0,1,1,0,0,1,0,0
Configuration_338,0,0,1,0,1,1,0,0,1,0,0
Configuration_339,0,1,0,0,1,1,0,0,1,0,0
Configuration_340,1,0,0,0,1,1,0,0,1,0,0
Configuration_341,0,0,0,0,1,1,0,0,1,0,1
Configuration_342,0,0,1,0,1,1,0,0,1,0,1
Configuration_343,0,1,0,0,1,1,0,0,1,0,1
Configuration_344,1,0,0,0,1,1,0,0,1,0,1
Configuration_345,0,0,0,0,1,1,0,0,1,1,0
Configuration_346,0,0,1,0,1,1,0,0,1,1,0
Configuration_347,0,1,0,0,1,1,0,0,1,1,0
Configuration_348,1,0,0,0,1,1,0,0,1,1,0
Configuration_349,0,0,0,0,1,1,0,0,1,1,1
Configuration_350,0,0,1,0,1,1,0,0,1,1,1
Configuration_351,0,1,0,0,1,1,0,0,1,1,1
Configuration_352,1,0,0,0,1,1,0,0,1,1,1
Configuration_353,0,0,0,0,1,1,0,1,0,0,0
Configuration_354,0,0,1,0,1,1,0,1,0,0,0
Configuration_355,0,1,0,0,1,1,0,1,0,0,0
Configuration_356,1,0,0,0,1,1,0,1,0,0,0
Configuration_357,0,0,0,0,1,1,0,1,0,0,1
Configuration_358,0,0,1,0,1,1,0,1,0,0,1
Configuration_359,0,1,0,0,1,1,0,1,0,0,1
Configuration_360,1,0,0,0,1,1,0,1,0,0,1
Configuration_361,0,0,0,0,1,1,0,1,0,1,0
Configuration_362,0,0,1,0,1,1,0,1,0,1,0
Configuration_363,0,1,0,0,1,1,0,1,0,1,0
Configuration_364,1,0,0,0,1,1,0,1,0,1,0
Configuration_365,0,0,0,0,1,1,0,1,0,1,1
Configuration_366,0,0,1,0,1,1,0,1,0,1,1
Configuration_367,0,1,0,0,1,1,0,1,0,1,1
Configuration_368,1,0,0,0,1,1,0,1,0,1,1
Configuration_369,0,0,0,0,1,1,0,1,1,0,0
Configuration_370,0,0,1,0,1,1,0,1,1,0,0
Configuration_371,0,1,0,0,1,1,0,1,1,0,0
Configuration_372,1,0,0,0,1,1,0,1,1,0,0
Configuration_373,0,0,0,0,1,1,0,1,1,0,1
Configuration_374,0,0,1,0,1,1,0,1,1,0,1
Configuration_375,0,1,0,0,1,1,0,1,1,0,1
Configuration_376,1,0,0,0,1,1,0,1,1,0,1
Configuration_377,0,0,0,0,1,1,0,1,1,1,0
Configuration_378,0,0,1,0,1,1,0,1,1,1,0
Configuration_379,0,1,0,0,1,1,0,1,1,1,0
Configuration_380,1,0,0,0,1,1,0,1,1,1,0
Configuration_381,0,0,0,0,1,1,0,1,1,1,1
Configuration_382,0,0,1,0,1,1,0,1,1,1,1
Configuration_383,0,1,0,0,1,1,0,1,1,1,1
Configuration_384,1,0,0,0,1,1,0,1,1,1,1
Configuration_385,0,0,0,1,0,0,0,0,0,0,0
Configuration_386,0,0,1,1,0,0,0,0,0,0,0
Configuration_387,0,1,0,1,0,0,0,0,0,0,0
Configuration_388,1,0,0,1,0,0,0,0,0,0,0
Configuration_389,0,0,0,1,0,0,0,0,0,0,1
Configuration_390,0,0,1,1,0,0,0,0,0,0,1
Configuration_391,0,1,0,1,0,0,0,0,0,0,1
Configuration_392,1,0,0,1,0,0,0,0,0,0,1
Configuration_393,0,0,0,1,0,0,0,0,0,1,0
Configuration_394,0,0,1,1,0,0,0,0,0,1,0
Configuration_395,0,1,0,1,0,0,0,0,0,1,0
Configuration_396,1,0,0,1,0,0,0,0,0,1,0
Configuration_397,0,0,0,1,0,0,0,0,0,1,1
Configuration_398,0,0,1,1,0,0,0,0,0,1,1
Configuration_399,0,1,0,1,0,0,0,0,0,1,1
Configuration_400,1,0,0,1,0,0,0,0,0,1,1
Configuration_401,0,0,0,1,0,0,0,0,1,0,0
Configuration_402,0,0,1,1,0,0,0,0,1,0,0
Configuration_403,0,1,0,1,0,0,0,0,1,0,0
Configuration_404,1,0,0,1,0,0,0,0,1,0,0
Configuration_405,0,0,0,1,0,0,0,0,1,0,1
Configuration_406,0,0,1,1,0,0,0,0,1,0,1
Configuration_407,0,1,0,1,0,0,0,0,1,0,1
Configuration_408,1,0,0,1,0,0,0,0,1,0,1
Configuration_409,0,0,0,1,0,0,0,0,1,1,0
Configuration_410,0,0,1,1,0,0,0,0,1,1,0
Configuration_411,0,1,0,1,0,0,0,0,1,1,0
Configuration_412,1,0,0,1,0,0,0,0,1,1,0
Configuration_413,0,0,0,1,0,0,0,0,1,1,1
Configuration_414,0,0,1,1,0,0,0,0,1,1,1
Configuration_415,0,1,0,1,0,0,0,0,1,1,1
Configuration_416,1,0,0,1,0,0,0,0,1,1,1
Configuration_417,0,0,0,1,0,0,0,1,0,0,0
Configuration_418,0,0,1,1,0,0,0,1,0,0,0
Configuration_419,0,1,0,1,0,0,0,1,0,0,0
Configuration_420,1,0,0,1,0,0,0,1,0,0,0
Configuration_421,0,0,0,1,0,0,0,1,0,0,1
Configuration_422,0,0,1,1,0,0,0,1,0,0,1
Configuration_423,0,1,0,1,0,0,0,1,0,0,1
Configuration_424,1,0,0,1,0,0,0,1,0,0,1
Configuration_425,0,0,0,1,0,0,0,1,0,1,0
Configuration_426,0,0,1,1,0,0,0,1,0,1,0
Configuration_427,0,1,0,1,0,0,0,1,0,1,0
Configuration_428,1,0,0,1,0,0,0,1,0,1,0
Configuration_429,0,0,0,1,0,0,0,1,0,1,1
Configuration_430,0,0,1,1,0,0,0,1,0,1,1
Configuration_431,0,1,0,1,0,0,0,1,0,1,1
Configuration_432,1,0,0,1,0,0,0,1,0,1,1
Configuration_433,0,0,0,1,0,0,0,1,1,0,0
Configuration_434,0,0,1,1,0,0,0,1,1,0,0
Configuration_435,0,1,0,1,0,0,0,1,1,0,0
Configuration_436,1,0,0,1,0,0,0,1,1,0,0
Configuration_437,0,0,0,1,0,0,0,1,1,0,1
Configuration_438,0,0,1,1,0,0,0,1,1,0,1
Configuration_439,0,1,0,1,0,0,0,1,1,0,1
Configuration_440,1,0,0,1,0,0,0,1,1,0,1
Configuration_441,0,0,0,1,0,0,0,1,1,1,0
Configuration_442,0,0,1,1,0,0,0,1,1,1,0
Configuration_443,0,1,0,1,0,0,0,1,1,1,0
Configuration_444,1,0,0,1,0,0,0,1,1,1,0
Configuration_445,0,0,0,1,0,0,0,1,1,1,1
Configuration_446,0,0,1,1,0,0,0,1,1,1,1
Configuration_447,0,1,0,1,0,0,0,1,1,1,1
Configuration_448,1,0,0,1,0,0,0,1,1,1,1
Configuration_449,0,0,0,1,0,0,1,0,0,0,0
Configuration_450,0,0,1,1,0,0,1,0,0,0,0
Configuration_451,0,1,0,1,0,0,1,0,0,0,0
Configuration_452,1,0,0,1,0,0,1,0,0,0,0
Configuration_453,0,0,0,1,0,0,1,0,0,0,1
Configuration_454,0,0,1,1,0,0,1,0,0,0,1
Configuration_455,0,1,0,1,0,0,1,0,0,0,1
Configuration_456,1,0,0,1,0,0,1,0,0,0,1
Configuration_457,0,0,0,1,0,0,1,0,0,1,0
Configuration_458,0,0,1,1,0,0,1,0,0,1,0
Configuration_459,0,1,0,1,0,0,1,0,0,1,0
Configuration_460,1,0,0,1,0,0,1,0,0,1,0
Configuration_461,0,0,0,1,0,0,1,0,0,1,1
Configuration_462,0,0,1,1,0,0,1,0,0,1,1
Configuration_463,0,1,0,1,0,0,1,0,0,1,1
Configuration_464,1,0,0,1,0,0,1,0,0,1,1
Configuration_465,0,0,0,1,0,0,1,0,1,0,0
Configuration_466,0,0,1,1,0,0,1,0,1,0,0
Configuration_467,0,1,0,1,0,0,1,0,1,0,0
Configuration_468,1,0,0,1,0,0,1,0,1,0,0
Configuration_469,0,0,0,1,0,0,1,0,1,0,1
Configuration_470,0,0,1,1,0,0,1,0,1,0,1
Configuration_471,0,1,0,1,0,0,1,0,1,0,1
Configuration_472,1,0,0,1,0,0,1,0,1,0,1
Configuration_473,0,0,0,1,0,0,1,0,1,1,0
Configuration_474,0,0,1,1,0,0,1,0,1,1,0
Configuration_475,0,1,0,1,0,0,1,0,1,1,0
Configuration_476,1,0,0,1,0,0,1,0,1,1,0
Configuration_477,0,0,0,1,0,0,1,0,1,1,1
Configuration_478,0,0,1,1,0,0,1,0,1,1,1
Configuration_479,0,1,0,1,0,0,1,0,1,1,1
Configuration_480,1,0,0,1,0,0,1,0,1,1,1
Configuration_481,0,0,0,1,0,0,1,1,0,0,0
Configuration_482,0,0,1,1,0,0,1,1,0,0,0
Configuration_483,0,1,0,1,0,0,1,1,0,0,0
Configuration_484,1,0,0,1,0,0,1,1,0,0,0
Configuration_485,0,0,0,1,0,0,1,1,0,0,1
Configuration_486,0,0,1,1,0,0,1,1,0,0,1
Configuration_487,0,1,0,1,0,0,1,1,0,0,1
Configuration_488,1,0,0,1,0,0,1,1,0,0,1
Configuration_489,0,0,0,1,0,0,1,1,0,1,0
Configuration_490,0,0,1,1,0,0,1,1,0,1,0
Configuration_491,0,1,0,1,0,0,1,1,0,1,0
Configuration_492,1,0,0,1,0,0,1,1,0,1,0
Configuration_493,0,0,0,1,0,0,1,1,0,1,1
Configuration_494,0,0,1,1,0,0,1,1,0,1,1
Configuration_495,0,1,0,1,0,0,1,1,0,1,1
Configuration_496,1,0,0,1,0,0,1,1,0,1,1
Configuration_497,0,0,0,1,0,0,1,1,1,0,0
Configuration_498,0,0,1,1,0,0,1,1,1,0,0
Configuration_499,0,1,0,1,0,0,1,1,1,0,0
Configuration_500,1,0,0,1,0,0,1,1,1,0,0
Configuration_501,0,0,0,1,0,0,1,1,1,0,1
Configuration_502,0,0,1,1,0,0,1,1,1,0,1
Configuration_503,0,1,0,1,0,0,1,1,1,0,1
Configuration_504,1,0,0,1,0,0,1,1,1,0,1
Configuration_505,0,0,0,1,0,0,1,1,1,1,0
Configuration_506,0,0,1,1,0,0,1,1,1,1,0
Configuration_507,0,1,0,1,0,0,1,1,1,1,0
Configuration_508,1,0,0,1,0,0,1,1,1,1,0
Configuration_509,0,0,0,1,0,0,1,1,1,1,1
Configuration_510,0,0,1,1,0,0,1,1,1,1,1
Configuration_511,0,1,0,1,0,0,1,1,1,1,1
Configuration_512,1,0,0,1,0,0,1,1,1,1,1
Configuration_513,0,0,0,1,0,1,0,0,0,0,0
Configuration_514,0,0,1,1,0,1,0,0,0,0,0
Configuration_515,0,1,0,1,0,1,0,0,0,0,0
Configuration_516,1,0,0,1,0,1,0,0,0,0,0
Configuration_517,0,0,0,1,0,1,0,0,0,0,1
Configuration_518,0,0,1,1,0,1,0,0,0,0,1
Configuration_519,0,1,0,1,0,1,0,0,0,0,1
Configuration_520,1,0,0,1,0,1,0,0,0,0,1
Configuration_521,0,0,0,1,0,1,0,0,0,1,0
Configuration_522,0,0,1,1,0,1,0,0,0,1,0
Configuration_523,0,1,0,1,0,1,0,0,0,1,0
Configuration_524,1,0,0,1,0,1,0,0,0,1,0
Configuration_525,0,0,0,1,0,1,0,0,0,1,1
Configuration_526,0,0,1,1,0,1,0,0,0,1,1
Configuration_527,0,1,0,1,0,1,0,0,0,1,1
Configuration_528,1,0,0,1,0,1,0,0,0,1,1
Configuration_529,0,0,0,1,0,1,0,0,1,0,0
Configuration_530,0,0,1,1,0,1,0,0,1,0,0
Configuration_531,0,1,0,1,0,1,0,0,1,0,0
Configuration_532,1,0,0,1,0,1,0,0,1,0,0
Configuration_533,0,0,0,1,0,1,0,0,1,0,1
Configuration_534,0,0,1,1,0,1,0,0,1,0,1
Configuration_535,0,1,0,1,0,1,0,0,1,0,1
Configuration_536,1,0,0,1,0,1,0,0,1,0,1
Configuration_537,0,0,0,1,0,1,0,0,1,1,0
Configuration_538,0,0,1,1,0,1,0,0,1,1,0
Configuration_539,0,1,0,1,0,1,0,0,1,1,0
Configuration_540,1,0,0,1,0,1,0,0,1,1,0
Configuration_541,0,0,0,1,0,1,0,0,1,1,1
Configuration_542,0,0,1,1,0,1,0,0,1,1,1
Configuration_543,0,1,0,1,0,1,0,0,1,1,1
Configuration_544,1,0,0,1,0,1,0,0,1,1,1
Configuration_545,0,0,0,1,0,1,0,1,0,0,0
Configuration_546,0,0,1,1,0,1,0,1,0,0,0
Configuration_547,0,1,0,1,0,1,0,1,0,0,0
Configuration_548,1,0,0,1,0,1,0,1,0,0,0
Configuration_549,0,0,0,1,0,1,0,1,0,0,1
Configuration_550,0,0,1,1,0,1,0,1,0,0,1
Configuration_551,0,1,0,1,0,1,0,1,0,0,1
Configuration_552,1,0,0,1,0,1,0,1,0,0,1
Configuration_553,0,0,0,1,0,1,0,1,0,1,0
Configuration_554,0,0,1,1,0,1,0,1,0,1,0
Configuration_555,0,1,0,1,0,1,0,1,0,1,0
Configuration_556,1,0,0,1,0,1,0,1,0,1,0
Configuration_557,0,0,0,1,0,1,0,1,0,1,1
Configuration_558,0,0,1,1,0,1,0,1,0,1,1
Configuration_559,0,1,0,1,0,1,0,1,0,1,1
Configuration_560,1,0,0,1,0,1,0,1,0,1,1
Configuration_561,0,0,0,1,0,1,0,1,1,0,0
Configuration_562,0,0,1,1,0,1,0,1,1,0,0
Configuration_563,0,1,0,1,0,1,0,1,1,0,0
Configuration_564,1,0,0,1,0,1,0,1,1,0,0
Configuration_565,0,0,0,1,0,1,0,1,1,0,1
Configuration_566,0,0,1,1,0,1,0,1,1,0,1
Configuration_567,0,1,0,1,0,1,0,1,1,0,1
Configuration_568,1,0,0,1,0,1,0,1,1,0,1
Configuration_569,0,0,0,1,0,1,0,1,1,1,0
Configuration_570,0,0,1,1,0,1,0,1,1,1,0
Configuration_571,0,1,0,1,0,1,0,1,1,1,0
Configuration_572,1,0,0,1,0,1,0,1,1,1,0
Configuration_573,0,0,0,1,0,1,0,1,1,1,1
Configuration_574,0,0,1,1,0,1,0,1,1,1,1
Configuration_575,0,1,0,1,0,1,0,1,1,1,1
Configuration_576,1,0,0,1,0,1,0,1,1,1,1
